{
  "project_info": {
    "project_number": "271993878414",
    "project_id": "selfcheckout-9ea45",
    "storage_bucket": "selfcheckout-9ea45.appspot.com"
  },
  "client": [
    {
      "client_info": {
        "mobilesdk_app_id": "1:271993878414:android:33236a759450e59e91d6df",
        "android_client_info": {
          "package_name": "com.example.self0checkout"
        }
      },
      "oauth_client": [],
      "api_key": [
        {
          "current_key": "AIzaSyBZuHI0M6CiMlM0Rzz1Pe6lRidNhyb92Mo"
        }
      ],
      "services": {
        "appinvite_service": {
          "other_platform_oauth_client": []
        }
      }
    }
  ],
  "configuration_version": "1"
}